yorum,toxic
Oyuna gelen büyük çaplı güncellemeden sonra oyunu oynamamaya ve silmeye karar verdim. Gerçekten müthiş bir ilerleme kaydeden bu oyunun yapımcılarını canı gönülden tebrik ediyorum.Oyunda bulunan birçok hacker ve macrocu arkadaşların burdan anasının amına koyayım.,1
ananı optimizasyonunu sikeyim,1
Şu amına kodumun bugları kaldırılsın korkudan motora binemiyoruz,1
Bu aptal oyuna 70 lira veren aklımı sikeyim. Hileci puştlar doluşmuş. Ne zevk alıyorsa kolsuz orospu cocukları bi getirisi de yok. Tek zevkleri başkalarını hileyle öldürüp eğğ kanka nasıl sikiyoz zaaa diyip 10 IQ seviyesindeki arkadaşlarıyla at gibi kişneyip gülmek. Yapacağınız anticheat sistemini de sikeyim,1
ÇÖLÜNÜZÜ SİKEYİM,1
sizin yağacagınız güncellemeyi sikeyim ulan 1060 6 gb ile 40 fps alıyom çok düşükte bune olum dalgamı geçiyonuz orospu çocukları,1
Eveeeet son güncelleme ile daha bok bir hal aldı teşekkürler pubg,1
Neymiş erken erişimden kalkmışmış. Siktirin gidin amk. Bu oyunun daha bitmesine çok var arkadaş.,1
Her gün güncelleme gelmesine rağmen sktiğimin oyununda bi arpa boyu ilerleme yok.,1
BU AMINA KODUMUN OYUNUNDA SUNUCULARIN SORUNLARINI DÜZELTMEK BU KADAR ZOR OLMAMALI 1 SENE OLDU AMK,1
ANANI ÇÖLÜNÜ SİKİYİM,1
Optimizasyonuna sokayım oyun,1
yarrak gibi,1
bok gibi olmuş,1
yapacağınız oyunu sikem,1
oğlum amk harika oyun ya,1
ya pezevenk herifler giidp de sürekli saçma sapan kostüm çıkaracağınıza bugları düzeltsenize önce bu nasıl bir gerizekalı patchdir ya anlamıyorum,1
YAPACAĞINIZ OYUNUN GÖTÜNE KAFA ATAYIM. DAYZ'DE DAHA AZ BUG VAR AMCIKLAR. ŞU SOKUK OYUNLA TURNUVA YAPAN AKLINIZI SİKEYİM.,1
en son gelen güncelmeme ile oyunun anasını siktiniz bi uçaktaki fps artmıs bu esfer oyun içi fps 30-40 ha bire kasıyor catisma anında 1 fps düsüyor aldığınız parayı hat etmiyorsunuz,1
SENİN OYUN GİBİ ANANI AVRADINI SİKEYİM,1
senin ananı sikiyim orospu çocuğu yapıcağınız oyunuda buglarına alın ananızın amınıza sokun çıldırttınız beni orospu çocukları amına kodumun torunu senın ben babannennı sıkıyım babanenın amına kaya sokayım orospu cocu 3 tekerlekli buglu motor ananın amına girsin senin teyzeni sikeyim al buglarını ananın amına sok orul orul orrr,1
VIIIIN DÜÜÜT DÜÜÜT EZİLDİN OROSPU COCU.,1
oyle çöp oyunlarla vakit kaybedeceginize biraz story oyunlar oynayin amk torrentci hyper pezevenkler bu çöpe para veriyonuz story oyun olunca korsan oynuyorsunuz,1
AMK OYUNU DURDUK YERE COKUYOR,1
Online kısmına 30 dk dan önce girmiyor amını sikim bekle bekle kanser etti iyice. Dünyanın en yavaş açılan oyunu,1
Berbat optimizasyon. ÇÖP,1
sikicem yapacağınız işi yav,1
Böyle bir OROSPULUK yok oyuna 1 aya yakın civarda girmedim bi baktım perma yemişim,1
yapımcılar pezevenk olmuşlar bu kadar parayı bulunca,1
Şimdi ben bu amına koyduğumun oyununu almak için 3 gün fındıkta çalışmıştım fakat oyun 2 lirayı bile haketmiyor.Sebebi ise amına koyduğum hilecileri platiru dan 2 dolara hesap alan amına kodum veletleri.En son gelen hileciden sonra artık isyan etme vakti geldiULAN OROSPU COCUGU ÇANAKKALEDE O KADAR BOMBA ATILMADI.Adam seyit onbaşı gibi elinden roket ata ata bütün serveri öldürdü.Almayın!,1
SİKECEM AMA ARTIK ŞU ÇÖL MAPİNİ GİRMEK ZORRUNDA DEĞİLİZ OROSPU ÇOCUKLAR O MAPTEKİ TAŞLAR KAYALAR KADAR ANANIZIN AMINIZI SİKEYİM Bİ ARAÇ KULLANMAYA KALKSAK SONUMUZ ÖLÜM OLUYOR AQ,1
bu oyunu çıkaranların allah belasını versin. 900 saatim var ama hala bu amına koyduğumun oyununda 10 saati olan aptallar beni vurabiliyor.,1
Oyuna yeni harita yapacağınıza bugları ve sikik sorunları düzeltin,1
yaptığınız oyunu sikeyim 1050 ile 20 fps alıyorum.,1
anasını siktigim oyununa girilmiyorki 150 milyon doları götünüze sokun amına koduklarım siktir git adam al işe çöz şunu piç puşt dallama siktirin gidin bi sike yarayın server bi çöküyo 7 yıl oyuna giremiyoruz,1
Bir oyun güncellemelerle nasıl sikilir adlı çalışmaya hoşgeldiniz. Almayın paranız cebinizde kalsın.,1
Turkish Hoodie nerde orospu evlatları,1
OROSPU ÇOCUKLARI BİZİM BAYRAĞIMIZ NEDEN YOK,1
OROSPU ÇOCUĞU ÇİNLİLER YÜZÜNDEN OYUN BOK OLDU...,1
bok gibi oyun amk,1
sikerim böyle oyunu gözünüz kapalı mı yapıyorsunuz anlamıyorum ki,1
PARAMI VERİN OROSPU COCUKLARI,1
bir oyunun anası nasıl sikilir adlı çalışma,1
bu amını siktimin oyununu paralıyken aldım bedava oldu,1
şu atlama olayını düzeltin bare orospu çocukları,1
bu amına koyduğumun oyununu alalı 5 ay oldu ağız tadıyla 1 kere oynayabildiğimi hatırlayamıyorum orospu çocukları,1
tam anlamıyla leş bir oyun,1
bu oyunu yapanların amına koyayım,1
KISA VE ÖZ BİR İNCELEME OLACAK YAPACAĞINIZ OYUNUN ANASINI AVRADINI SİKEYİM.,1
BOYLE OYUNUN ANASININ AMINA KOYAYIM,1
ÇÖP FİRMA ÇÖP OYUN,1
sikecem yapacağınız işin amuha sokarım yav,1
AQ 125 SAAT BOYUNCA PARA KASTIM EV ALDIM TELEVİZYON AÇTIM SINIRSIZ BAN YEDİM BÖYLE BAN SİSTEMİNİN AQ,1
sikerim hem ban atıyonuz durduk yere bari mod yükleyelim diyoz onu banlıyonuz sakın oyunu almayın 2 dakika boyunca olduğun yerde durursan sana ban atıyo paranızı boşa harcamayın,1
BUG DOLU YAPIMDA EMEGI GECEN HERKESIN AMK,1
Uçan motor ne kodumun aptalları uçan ev yapsaydınız bari. Aslında güzel fikir lan,1
ananı sikeyim oyuna para verdiğime pişmandım bide bedava oldu ananı sikeyim ananı,1
Ananızı sikiyim yeter her ay başı 5 gb güncelleme bi bok yaptığınız da yok,1
soktuğumun hatası yüzünden oyunu bırakıyorum bu oyunu yapan ve emegi gecen herkesin amına koyum,1
oyunun anasını siktiniz düzeltene kadar bu dislike kalacak,1
bu oyunu alanın aklını sikeyim amk oyununda mouse çalışmıyor,1
AMINA KODUMUN OYUNU Bİ MODLARI GÜZELDİ ONU KALDIRDI OÇLAR,1
Oyun mükemmel olmuş amk baya baya sarıyor,1
şu amk dürbünü gelsin artık,1
Orospu çocukları o kadar parayı gidip ftp yapın diye mi verdik ?,1
ee oyun bedava olmuş para verenler orospu çocugu galiba,1
hay aq paralıyken çok güzeldi şimdi beleş oldu aq paramı geri verin la yapıcanız işin aq,1
AMINA KODUMUN OYUNUNDA KUTU YAPIP SATACAĞINIZA HATALARI GIDERIN 31 LİRA VERDİRMESİNİ BİLİYONUZ AMINI SİKTİĞİMİN BEBELERİ PARAGÖZ OROSPU COCUKLARI,1
ŞU OYUNUN FİZİK KURALLARININ AMINA SOKACAM AMA YETER,1
bugları olmayan bir oyun yapamadınız. yapamadığınız oyunu sikeyim,1
ananı sikeyim lan ben buna 30 tl verdim,1
ALMAYIN GİDİN PUBG ALIN BOK GİBİ OYUN,1
ortalama 850 saat oynadım ama artık oyunun bokunu çıkardılar havadan sudan ban atıyorlar! Adam para yağdırıyor diye sınırsız ban? bu ne la git adamı banla beni niye banlıyorsun senin oyununda açık var hileye karşı savunma yapmamışsan bizim ne suçumuz var? almayın aldırtmayın.,1
Bu oyunu oynamak yerıne evde bi çöp poşeti bulup onunla oynayın. aynı zevki tadacaksınız.,1
BU OYUN BEDAVA OLDUYA SİZİN BEN TA ANANIZI SİKEYİM AMINA KODUMUN DAYZ'Sİ GİTTİ 3.85 DOLAR,1
sikerim hem ban atıyonuz durduk yere bari mod yükleyelim diyoz onu banlıyonuz sakın oyunu almayın 2 dakika boyunca olduğun yerde durursan sana ban atıyo paranızı boşa harcamayın,1
BEN NEDEN PARA VERDIM OROSPU ÇOCUKLARI,1
Dust 2 yi düzelteceğinize oyundaki hileci piçleri banlayın,1
şu oyuna hile getirenlerin taa amk,1
yapacağınız anti cheat sisteminin aq,1
Amk hack le dolu,1
yeni dust2nin anasını sikeyim,1
yeni map sik gibi olmuş,1
salak salak kostümler ekleyeceğinize optimizasyonu düzeltin artık !,1
dakka başı oyundan atmamı olur aq,1
sizin hilenizi sikiyim. Hani hile kullananda suç yok bunu denetleyemeyen valve in gelmişini geçmişini sikiyim.......,1
yeni dust2 yi yapanların elinin emeğinin amına koyim,1
orospu çocuğu anasını siktiğim hackler olmasa güzel oyun bu oyunu alıp ta hack açanın anasının amına kayım,1
çok hileci ibne var eskiden daha güzeldi,1
OYUN BOK GİBİ SAKIN ALMAYIN,1
bu kadar aptal bir oyun görmedim,1
tam bir çöp,1
şerefsizler modları kaldırmış,1
Emeği geçen ve bu oyunu hypelayan herkesin amına koyayım,1
bu sikik oyuna 5 tl bile fazla dakka başı oyundan atıyor,1
Geliştiriciler tam salak olmalı ki bu potansiyeldeki bir oyunu bu hale getirebilmişler,1
Yapıcanız oyunun ta aq,1
Svgili conan yapımcıları. Öncellikle böyle bir oyunu piyasaya südüğünüz için ta götünüzü sikeyim. Orspu çocukları daha bitmemiş oyunu sadece memesi var diye neden piyasaya sürdünüz. Ta ananızı sikem.,1
BÖYLE BOKTAN BÖYLE LEŞ BÖYLE ÇÖP BAK YİNE SİNİRLENDİM BU OYNU YAPAN HERKESİN AMINA KOYİM,1
Çimlere basma konan çimleri eziyorsun kusura bakma konan ibneye benziyorsun,1
bok gibi oyun,1
hayatımda bu kadar sikik bir oyun görmedim sakın almayın,1
hikaye çöp optimizasyon çöp oyun çöp,1
oyun da bi eğlenceğimiz modlar vardı onun da anasını siktiniz,1
paralı mod mu olur orospu çocuğu,1
creation club diye bişey çıkarttılar tüm oyun zevkimizin amına koydular,1
bok gibi,1
ulan daha oyun açılmıyor amk,1
şuna bir türkçe yama getirin mk,1
Modları parayla satmak ne amk,1
bu pezevenklere para vermeyin daha fazla lütfen arkadaşlar,1
oyuna giremedim amk siyah ekran verip oyundan atıyor amk oyunu,1
Son güncelleme ile içine sıçtılar lan beyin özürlüler o parayla sattığınız armor silah vs nexusta bedava,1
BU GERİZEKALI OYUNA PARA VERMEYIN BEN VERDIM PİŞMANIM,1
bu kadar boktan optimizasyonlu oyun görmedim,1
ANASINI SİKEYİM BÖYLE OYUNUNN OROSPU ÇOCUkları mükemmel derecede lootum var amk oyunu en son 20 de crash veriyor,1
Bok gibi hatta direk bok,1
optimizasyon istiyoruz adamlar emoji getiriyo amına koyum böyle oyunun,1
AMK OYUN KASA VERİYOR 1.50 TL İÇİNDEN BİRŞEYLER ÇIKACAK DİYE AÇIYORUM NE ZAMAN KASA AÇSAM 10 KURUŞLUK İTEM GELİYOR AMK,1
70 lira verip bu amını siktiğiminin kanser oyununu alana kadar gidin iskender yiyin aq,1
gereksiz skinler oyunu boka çevirmeye devam ediyor,1
siktiri boktan bir oyun,1
ulan bare güncellemeleri doğru yapın mk,1
optimizasyonunuzu sikeyim,1
yapıcağınız oyunu sikiyim,1
bi sike yaramaz oyun aq sikin getirip daha da siktiler oyunu en iyi sistemle bile drop yiyorsun onu geçtim aq avelleri sürekli silahın sekmesini değiştirip yapacağımız spreyi bozuyor tam elim alıştı diyosun bi bakmışsın bida bozuyorlar,1
bacısını siktmin oyunu 10 lira etmez,1
update dediğin oyunun anasını siker mi ya siker görmüş olduk eylül ayındaki oyuna döndü resmen fps yine düştü crashler başladı götlerine soksunlar,1
şerefsiz hileciler yüzünden oyunu oynayamıyoruz,1
çöp parçası,1
tek kelime: çöp,1
CRASH CRASH YETER AQ,1
Siktiğimin oyununda etkinlikler veya arabalar getirmek yerine bug'ları düzeltin,1
"Özet geç" derseniz: Gelmiş geçmiş en iyi RPG oyunlarından biri.,0
Şuan açık ara piyasanın en iyi oyunu,0
fiyat performans oranı en yüksek oyunu diyebilirim.,0
Tam bir başyapıt buradan larian studios'u tebrik ediyorum.,0
Yazmaya kalksak kitap yazılır. O yüzden sen de okuma.. YAŞA!,0
Gelmiş geçmiş en iyi RPG olabilir.,0
Oyun çok güzel,0
10 üzerinden 10 numara bir oyun,0
Kelimeler yetmez,0
Öncelikle Yapımcı ekibi tebrik ediyorum zaman geçtikçe daha iyi performans ve geliştirme ile böyle güzel bir oyunu bu kadar iyi bir şekilde yapıp herkesin gönlünü aldılar,0
oyun 10 puan üzerinden 10 olarak değerlendirile bilir'ki oyun diğer tüm strateji oyunlarının üstüne çıkıyor ve kısmi açık dünyayı tamamen sizin ellerinize bırakıyor,0
Dos 2 her noktasında cidden emek harcanmış bir yapım,0
100 üzerinde 94.Oynadığım kadaryla BU YILIN EN İYİ OYUNU diyebilirim.,0
Huzurlarınızda gelmiş geçmiş ve belkide gelecek en iyi “RPG” oyunu Divinity 2 : Original Sin,0
Oyun dediğin böyle olmalı işte,0
Bu oyun allahın mucizelerinden biridir.,0
Daha önce izometrik rpg oynamamış biri olarak bu oyunu oynadıktan sonra kendimden utandım diyebilirim.Önyargılarınızı kırın ve oyuna bir şans verin. yılın en iyi oyunu.,0
vay şöyle olmuş böyle olmuş anlatmam görüyorsunuz. muhteşem mükemmel. neden anlatayım ?,0
Oyunun oynanışı grafikleri eğlencesi bir harika,0
Rol yapma oyunları içinde oynadığım en güzel oyundanlar birtanesi,0
Abartısız son 7 - 8 yılda oynadığım en iyi RPG,0
Kesinlikle alman gerek,0
Gerçekten iyi,0
Beklenilen her şeyi sağlayan çok kaliteli bir oyun,0
Harika....... Oynayın oynattırın,0
bomba,0
Mükemmel bir oyun hele oynayacak arkadaşınız varsa kesinlikle tavsiye ediyorum,0
RPG seviyorsanız oynayın,0
İngilizcesi biraz ağır olmasına rağmen kesinlikle tavsiye ederim,0
Detaylı inceleme gelecek,0
Sanırım aşık oldum,0
Tek kelimeyle muazzam,0
Neden daha uzun değil nankörlüğünü yapmak zorundayım,0
Şuana kadar az oynama şansım oldu ama çok başarılı,0
Konuşmalardan sıkılmayan ve hikayeye hükmetmek isteyen kişiler için çok güzel bir oyun,0
Go for it hacı,0
Zor ama eğlenceli bir oyun,0
Nerdeyse 19 saattir oynuyorum başlangıç adası daha yeni bitti,0
çok güzel görevleri anlayamıyorsanız görev vereni öldürebiliyorsunuz,0
Oyunu yeni keşfettim gerçekten güzel,0
Detayları bir harika grafik desen bal kaymak,0
Zevk alarak oynadığım en iyi zombi oyunlarından biri,0
Şuana kadar 30.4 saat oynamışım ve yeni bitirdim ana senaryoyu,0
Oynadığım en iyi zombi oyunlarından birisiydi,0
Bütün zamanların gelmiş geçmiş en iyi zombi oyunlarından birisi,0
Oyun kesinlikle ama kesinlikle çok iyi bir oyun,0
Almanızı şiddetle tavsiye ediyorum,0
Görevler iyi hikaye muazzam,0
oyun hakkında söylenilecek çok şey var ve hepsi olumlu harika şeyler,0
MuaZZam olmuş oynayın oynattırın!,0
Hayatım boyunca ben böyle güzel bir zombi oyunu oynamadım,0
Mükemmel bir şey 10/10,0
Oyunu oynarken aldığım zevki tarif edemem,0
Bütünüyle eksiksiz ve harika,0
Alın aldırın,0
M-U-A-Z-Z-A-M,0
senaryo için yazacağım tek kelime ŞAHESER,0
Daha iyisi çıkana kadar en iyi zombi oyunu budur,0
Kesinlikle deneyin eksiği yok denir ya aynen öyle eksiği yok fazlası var destanlar yazılır bu oyuna keşke 2.oyunu çıksa,0
Düşünmeden alın derim,0
Parasının hakkını kesinlikle veriyor,0
Kalite kokan bir başyapıt,0
Harika bir oyun. Single modu biraz oynadıktan sonra sıksa da multisi ayrı bir güzel,0
Bunu bana aldıran aklıma teşekkür ediyorum,0
Süper,0
Müthiş bir oyun grafikleri olsun oynanış hikaye craft sistemi silahlar skiller kesinlikle alınması gereken bir oyun,0
Hala türünün en iyi örneğidir,0
Resmen parkur için yaratılmış bir şehir arkanızdan night hunter gelirken yaşadığınız o adrenalin patlaması ve tadı tuzunda olan hikayesi ile tavsiye edebileceğim bir oyun,0
Sanırım dünya üzerinde zombi oyunu açısından daha iyisi yok,0
Tek sıkıntısı çok oyunculu modu,0
Tek kelimeyle efsane.,0
Techland iyi bildiği işi yapmaya devam ediyor,0
Öncelikle oyun abartıldığı kadar korkutucu değil. Geceleri de gündüze göre abartılacak bir sıradanlık yok,0
Alın aldırın almaya çalışın ama mutlaka alın,0
Eksisini artısını her şeyini sallayın.... BU OYUNU ALIN ALDIRIN!,0
Ne kadar oynasanız da sıkmayan bir oyun,0
Oyun vardır satın alır bitirir bir kenara atarsınız oyun vardır bitirir yine de saatlerce oynarsınız,0
Paranızı sonuna kadar hakeden mükemmel bir açık dünya oyunu,0
Normalde zombi oyunlarını sevmem ama bu güzel,0
Grafikleri harika mekanikleri harika şehir gayet büyük 10/10,0
Yan görevleri ana görevler kadar iyi,0
Oyun güzel indirimdeyken alın,0
Açık Dünya gizem korku macera adrenalin kaçırmayın...,0
Sürükleyici ve 30-35 saate bitecek güzel bir oyun,0
Tek kelimeyle MUHTEŞEM!!,0
Grafikler güzel parkur zevkli,0
Hoş hikayeye sahip parasına değen bir oyun,0
tarihteki en iyi zombi oyunu,0
Çok iyi haşır huşur kafa patlatmalı bir oyun  :D ,0
Kendi türünde en iyi oyundur,0
Harita küçük ama her yere girilip çıkılıyor bude diğer hayatta kalma içerikli oyunlarda yok,0
Kesinlikle oynanılması gereken bir oyun,0
Oyunun içinde parkur ve zombi olunca bambaşka birşey oluyor,0
Arkadaşlarınızla oynarsanız daha zevkli,0
Bu oyunu kaçırmayın ^^,0
Harika oyun zorlandığın görevlerde arkadaşlarını çağırıp beraber yapabiliyorsun,0
Zsurvival oyunları arasında satın alıp keyifle bitirdiğim ilk oyun diyebilirim,0
Gene bağımlısı olduk tüh :D,0
Gerçekten sürükleyici ara görevlerle dahada zenginleştirilmiş oyun,0
Türünde ilk 3te,0
Korkudan oynayamıyorum ama güzel oyun :D,0
Harika bir açık dünya oyunu,0
oynamak isteyen eklesin,0
ALIN BUNU HAKEDİYOR!!!,0
oyun efsane arkadaşlar,0
istek listenize ekleyin indirime girince alın,0
Zaman geçirip arkadaşlarınızla eğlenmek istiyorsanız bu oyun tam size göre,0
hem aksiyon dolu hem macera hem de az da olsa romantizm ve yoğunlukla dram ile yapılmış,0
Ek paketler ve dlcler ile harika bir oyun,0
En iyi gelmiş geçmiş hortlak oyunu,0
Parasının son damlasına kadar hak eden bir oyun,0
Altyazı olsa tadından yenmezdi,0
Ey ubisoft böyle güzel bir oyun yaptığın için teşekkür ediyorum,0
Oyun şahane,0
Tek eksiği Türkçe desteği olmaması,0
Manzaraları efsane ya,0
İlk başta almakta kararsızdım fakat şimdi iyiki almışım diyorum,0
Yapılacak her türlü aktivite var yan görevler sıkıcı değil,0
Bu oyunda hiç mi rahat manzara izleyemeyeceğim lan ben ?,0
Far Cry serisi hep güzeldi 3 çok iyiydi 4 de iyiydi 5 baya iyi olmuş.,0
Efsane oyun tabi güzel bilgisayarlar için,0
Guzel keske altyazi olsaydi,0
Görüntü kalitesi efsane oynanış güzel ama bir süre sonra monotonlaşıyor,0
Yapay zeka çok kötü geliştirilmesi gerekmekte,0
İşte budur,0
Keşke Türkçe olsaydı,0
Beğendim güzel oyun.,0
Oyunun başındayım gayet güzel grafikler var hikayede etkileyici coop daha denemedim ama gerçekten iyi duruyor,0
En iyi farcry,0
Oyunu uzun zamandır bekliyordum beklediğime değdi,0
Oyun gayet güzel tek eksik türkçe dil yok,0
Muhteşem,0
Tek kelime ile mükemmel uzun zamandır aradığım oyunu buldum kesinlikle önerir ve tavsiye ederim,0
Ciddi anlamda sarıyor oynaması aşırı zevkli,0
süper,0
Ubisoft adamsınız lan adam,0
Mükkemel anlatmaya gerek yok görüyorsunuz anlatmaya gerek yok :D ,0
Güzel oyun co-op oynarım diyen eklesin birlikte oynayalım,0
Oyun gerçekten çok eğlenceli arkadaşlar,0
Oyun gayet başarılı ve güzel fakat silah modellemeleri hoşuma gitmedi,0
Parasını hak eden bir oyun,0
GÜZEL,0
Adamlar oyunu yapmış ister tek girin ister arkadaşınızla her türlü güzel bir oyun akıcı bir senaryoya sahip,0
Muazzam bir oyun grafikleri sarkılararı hikayeleri mukemmel paraya deger,0
Oyun güzel sonları yetersiz,0
ne denebilir ki 5 yıldız,0
Efso oyun olmuş helal ubisoft,0
Mükemmel ötesi yine yaptı yapacağını ubisoft,0
Oyun gayet iyi tek kötü yanı karakterimizin isimsiz vev oyuncu tarafından yapılmış bir rpg karakteri olması,0
EFSANE...,0
Güzel oyun tavsiye ederim,0
Finali hiç hoş olmamış beğenmedim,0
Oyunu çok beğendim gerçekten güzel bir deneyim oldu benim için,0
Efsane ötesi oyun,0
Hoş,0
2000 saat oynadığıma göre oyunu öneriyorum tabiki :D,0
Benim en hoş bulduğum oyun :)),0
Türk gurur kaynağımız,0
Hayatımın oyunudur.,0
Yıllarca korsan oynadık helal et Armağan reis,0
Oyunda geçirdiğim 500 saati fazlasıyla hakeden bir oyun,0
Böyle bir oyunumuz olduğu için gurur duyuyorum,0
Eskiden oynadığım bir oyun. Kendi krallığını kurabiliyorsun evleniyorsun ve daha neler neler... Kesinlikle tavsiye ediyorum,0
Yeni oyunu dört gözle bekliyorum :),0
Güzel mi güzel oyun <3,0
Tüm zamanların en güzel oyunu,0
Sıfır başlayıp ordunuzu toplayın ve savaş alanında zafere koşun,0
Türkiye'nin onuru ve gururu,0
Türklerin yaptığı ve geliştirdiği gelmiş geçmiş en iyi oyun,0
Efsane oyun bu fiyata almamak büyük ayıp,0
ilk 1000 saati güzeldi sonra boşluk hissetmeye başladım,0
Bunu okumana gerek yok oyunu al,0
Yukarıya çık ve sepetine ekle,0
Sırf saygı için bile alınabilir,0
Oyun çok güzel gerek savaş mekanikleri gerek mod çeşitliliği,0
Harika bir oyun :),0
Gelmiş geçmiş en iyi savaş simulatörü,0
arayıpda bulamıyacağınız nacizade oyunlardan biri...,0
Benim gözümde bunun gibi efsane oyun yoktur,0
Dünyanın en iyi ilk 100 oyunundan 30. sırayı almış oyun,0
Kalın cüzdan kokusu alıyorum,0
Saatlerce vakit geçirebileceğiniz eğlenebileceğiniz bir oyun,0
Az mı gaza gelmedik savaşlarda :), 0
Efsaneler efsanesi,0
oyun gerçekten parasını hak eden bir orta çağ oyunudur,0
Güzel bir oyun almanızı tavsiye ederim,0
DÜNYANIN EN İYİ TARİH OYUNU...,0
KESİNLİKLE TAVSİYE EDERİM...,0
Güzel oyun güzel akıcılık güzel içerik,0
Kesinlikle mükemmel,0
İndirimde bu oyunu kaçırmayın kaçırtmayın,0
4 yıl önce steamle tanışma sebebim :D ,0
Bu oyun bir insan olsa tartışmasız MUSTAFA KEMAL ATATÜRK olurdu öyle muhteşem bir oyun,0
oyun çok eğlenceli kesinlikle tavsiye ediyorum,0
Bağımlılık yapıcı bir oyun,0
Hayatımın oyunlarından bir tanesi,0
hiç sıkılmadan yüzlerce saat oynayabileceginiz farklı modlarla keyfini katlayacagınız efsane...,0
Alın oynayın oynatın pişman olmazsınız.,0
orta cağdamı yaşamak istiyosun buyur dostum kendini bırak,0
güzel oyun ama biraz mekanikleri zor iyi bir oyuncu olursanız oyunda terör estirebilirsiniz,0
Dehşet ötesi güzel bir şey ...,0
Asla Sıkılmicağım bir oyun :D,0
Çok az oynadım ama güzel bir oyun gibi sanki.,0
Kendi çapında oldukça güzel bir oyun ve çıktığı tarihe bakılırsa oyunun hala bu derece oynanması çok büyük bir başarı,0
Çıkışından itibaren büyük beğeniyle oynadığım bir oyun gerek dlc paketleriyle gerek modlarıyla çok eğlenceli eğer ortaçağ ve napolyon savaşları dönemine ilgiliyseniz gönül rahatlığıyla alabilirsiniz zaten yakın bir zamanda serinin yeni oyununun çıkış yapacağını tahmin ediyorum yeni oyun gelene kadar Warband ile zaman geçirebilirsiniz,0
Destek vermek için almalısınız. Hikayeyi size bırakması çok hoş birşey.,0
Açık dünya olması çok iyi bir özellik.,0
Efsane oyundur kendisi,0
Mükemmel ya,0
Oynamaktan sıkılmayacağınız harika bir oyun.,0
Dünyanın en güzel oyunu.,0
Bu oyunu oynamayın yaşayın,0
Kesinlikle en iyi Indie RPGlerden birisi.,0
Eşsiz bir başyapıt . 2010 yılında çıkarılan bir oyunun bu kadar güzel ve keyifli olması beklenemez .,0
Grafikleri sade olmasına rağmen oyun mekanizması çok iyi. Kendi karakterinizi yaratıp istediğiniz gibi oyunun keyfini çıkarabilirsiniz.,0
Bu oyunu oynamadan ölmeyin!,0
10 numara oyun. Bu oyunu türklerin yapmış olması gurur verici gerçekten... Bannerlord u bekliyoruz...,0
Oyuna ilk başta alışmak zor gelebilir ama kavramaya başladığınızda müthiş zevk alacaksınız kesinlikle tavsiye ediyorum. ,0
Çok güzel bir strateji oyunudur tavsiye ederim!,0
Eski olmasına rağmen ciddi ciddi eğlendirebilen nadir oyunlardan.,0
Oynamaya ve verdiğiniz paraya kesinlikle değer,0
Bu oyun... bu oyun varya bu oyun... Bir oyunun herşeyi mi güzel olur be arkadaş ya. Yani Steam'ın bana bu oyunu tavsiye ediyor musunuz sorusunu sorması bile saçma.,0
Helal olsun çok güzel oyun.,0
Hilesiz oyun oynamayı seviyorsanız single player modu günlerinizi alıcaktır köle olarak başlayıp krallığa kadar giden hikayede baş rol sizin indirimdeyken kaçırmayın multiplayer modu iyi değil,0
Kesinlikle oynamalısınız,0
Deli fişek bir oyun,0
Rahatlatıcı Chill bir oyun. Tavsiye ederim,0
bir oyun bu kadar mı tatlı olabilir,0
24 lirayı her bir kuruşuna kadar hakediyor çok fazla bir bilgiyede gerek yok wiki'ye girip yarım saat araştırma yapsanız yada oyunda 1 yıl geçirseniz herşeyi kavrarsınız.,0
tarla süreceğiz diye aldım yine ful karı kız peşinde koştum,0
Türkçe Dil İstiyoruz onun dışında oyun efsane,0
Özellikle söylüyorum 8-bit sevenler için çok iyi oyun çok güzel hiç bir sorunu yok.,0
Grafiklere kanmayın. Grafiklere bakılmaz bir oyun seni eğlendiriyorsa tamamdır. O oyun alınır.,0
Oyunun Türkçe yaması mevcuttur.Türkçe yama için ekleyebilirsiniz.,0
Dinlendirici güzel bir oyun,0
Anlatılmaz yaşanır oynayın,0
Sonsuz içerik ve eğlence vaad ediyor,0
inşallah multiplayer da gelir,0
Aşırı bağımlılık yaptı :),0
İnsanı kendine çeken bir oyun,0
Stardew Valley tek kelime ile şahane bir oyun.,0
Herkesin kesinlikle oynaması gereken bir oyun,0
Oyunun grafikleri atmosferi mekanikleri çok başarılı,0
Çok rahatlatıcı bir oyun,0
Dünyanın en iyi oyunu,0
Eğlenceli zaman geçirmek için iyi bir yöntem,0
Tek kelimeyle harika,0
Bir oyunu beni ne kadar süre kendine bağlayabilirse o kadar bağladı,0
Üstünde oldukça fazla emek var,0
Zamanınızı çok güzel harcayabileceğiniz bir oyun,0
Oynarken huzura kavuşabileceğiniz mükemmel bir oyun,0
Aldığınıza pişman olmayacaksınız,0
Tek kişinin yaptığı mükemmel bir oyun,0
Aradığım huzuru oyunda buldum,0
Bu kadar güzel sevimli ve bağımlılık yapıcı bir başka oyun bulabilmek zor,0
Oyun cok zevkli ve güzel birde türkçe olsa tadından yennmez valla :),0
Oyunu 100 saat oynamış birinin tecrübesine dayanarak eleştiriyorum oyun bir yerden sonra sıkıyor çünkü sabahları hep aynı şeyi yapıyorsunuz ,0
Gerçekten eşsiz bir oyun,0
İlginizi çeken her alanda kendinizi geliştirebileceğiniz çiftçilik yaptığınız mükemmel bir oyun,0
Genelde bu tarz oyunlardan çabuk sıkılırım ama bu oyun gerçekten alanında mükemmel,0
Oynanışı çok güzel fakat oynanışından daha da güzel olan şey müzikleri. Her mevsim ayrı müzikler var ve gerçekten insanı oynamaya teşvik ediyor.,0
Her şeyiyle 10/10.,0
Ali babanın çiftliğinin devri bitti kardeş benim çiftliğin devri başlıyor,0
GÜZEL OYUN ALIN İŞTE,0
başında saatlarinizi harcayabileceğiniz hoş grafikli güzel bir oyun,0
Birden keşke ben de burda olsaydım diyebileceğiniz oyun,0
Farm olsun NPC olsun hikaye olsun çok güzel oyun,0
Bu tarz oyunları sevenlerin kütüphanesinde bulundurması gerekiyor,0
24 lirayı her bir kuruşuna kadar hakediyor çok fazla bir bilgiye de yok,0
Multiplayer gelince dadından yinmez,0
Kışın bitki yetiştiremiyoruz oysaki pırasa falan hepsi kış sebzesi,0
bağımlılık yapıyor,0
Gözü kapalı alın hatta gözünüz yoksa bile alın,0
Oyun size her türlü oynattırıyor,0
RPG çiftçilik olarak tanımlayabileceğimiz bir oyundur,0
oyun bence çok güzel fakat online arkadaşlarınla oynana bilseydi dahada güzel olurdu,0
Oyununu daha bitirmeme rağmen 30 saatlik oynamamda sıkılmadım,0
Oynaması cidden aşırı zevkli,0
Hayatımda oynadığım hiç bir oyunda bu kadar bol kahkaha atmadım,0
Sıkılmadan oynadığım nadir oyunlardan biri,0
Sürükleyici bir hikayesi olan hikaye bittikten sonra bile oynamaya devam edeceğiniz harika bir oyun,0
Oyunu alacaksanız indirimdeyken almanızı öneririm,0
105 tl vermeye değmez,0
Verilen parayı hak ediyor,0
süper. eğlenceli. oyunu çok beğendim,0
Mükemmel oyun :D,0
Oğlum ne yaptınız lan :D Çok iyi ya. ,0
Oyunu alın oynayın çok eğlenirsiniz,0
11 saatte bitirdim fakat 75 tl vermeye değdiğini düşünmüyorum ben,0
Oyun çok güzel tavsiye ederim ? BEST GAME EVER,0
Dünyanın en saykopatik ve komik oyunu ,0
Harikaydı. Hikayesi atmosferi espirileri... Gerçekten de güzeldi,0
Çok iyi bir oyun,0
diziyi izlemediğim için hiçbi şey anlamadım ama güzel gibi duruyor hoşuma gitti vızzzzzuah,0
Oyun baya güzel ama hani 20 saatlik bir oyuna 60 dolar çok,0
Muhabbetin dibine vuran bir oyun aşırı eğlenceli :),0
bağımlılık yaptı beyler 10 üzerinden 11,0
Dünyanın en trol oyunu. Hem rpg ögeleri var hemde komedi var çok eğlenceli bir oyun.,0
2000 li 90 lı yıllarda çocukluk yaşamış kişilere bu oyun hiç yabancı gelmeyecek çünkü sizden parçalar var. iyi oyunlar,0
tüm sınıflarda oyunu bitirmek üzereyim çok güzel bir oyun bu!,0
biraz pahalı bir oyun ama kesinlikle alın south parkı seviyorsanız 10/10,0
Mod desteğini aptalca iptal eden oyuna yorumum negatif...,1
Bu kadar salakça bir şey görmedim,1
Sanki loading ekranı satın aldım aq,1
Kesinlikle anlınması gerekilen bir oyun,0
oyunu herkeze tavsiye ederim kessinlikle harika bir RPG oyundaki göndermelerde insanı eğlendiriyor bence parasının her kuruşunu hakediyor,0
belki 75 tl hak etmeyebilir oyun ama indirimde aldığınızda yaklaşık 20 tl civari bişey oluyor,0
espriler beni benden aldı...,0
Oyun tamamıyla harika! çizgifilmi yaşıyorsunuz resmen,0
gerçekten zevli bir oyun 10/10 zaman geçtiği anlaşılmıyor indrimde alın :),0
Mütüş Mütüş Mütüş,0
Oyunu bitirdim fiyatına değer ama isterseniz torrent'ten de yükleyebilirsiniz,0
Oyun o kadar sarıyo ki yıllarca izlediğimiz South Park'ı evleri dahil dolaşabiliyorsunuz ve bir sürü easter egg var,0
Leşşşşşşşşşşşş,1
Oyunun ağzına sıçtılar artık oynanmaz,1
Gerçekten çok güzel en sevdiğim oyunlardan biri,0
Oyun sıratabanlı türündeki en iyi oyunlardan olabilir,0
Bazen komik ve iğrenç olabiliyor. Genellikle de cinsellik oluyor,0
ne denebilirki? OYUN MÜTHİŞ!,0
Nefis bir oyun,0
Eğlenceli online savaş simulasyonu,0
Eski oyunun tadı olmasa da oynanabilir tabi +100 ping ile oynayabilirseniz,0
Süper Adamım !!! alın ulan,0
Vietnam filmleri ve oyunlarını seviyorsanız bu oyun tam size göre,0
Amerikalı sikme simulasyonu,0
Mükemmel ötesi gerçekçilik mükemmel ötesi zorluk,0
Oyuna yeni başlayınca inanılmaz zor çünkü sürekli ölüyorsun,0
Başta zevk alamayıp direk MP girdiğinizde öldüğünüz bir yapım,0
öneriyorum bu oyunu önermem için bana para verdiler,0
Başta sıkılabilirsiniz ama alışınca acayip zevk alıyorsun,0
Taktik ve takım oyunu gerektiriyor. Ayrıca helikoper sürmek aşırı eğlenceli :),0
Gayet hoş ama bazı hatalar var düzeltilmesi lazım,0
gerçekçi fps,0
Oyunu 1 saat kadar oynayıp iade ettim ancak sakın ha yanlış anlaşılmasın oyun benim stilime hitap eden bir oyun değildi ancak kesinlikle bu tarzı sevenler için şahane bir oyun insurgency den 10 kat daha iyi,0
ölme simulatoru yapmıssınız laaaa annenizi sikeyim,1
realizm arayanlara ilaç gibi gelecek ama tek sıkıntısı gereksinimleri,0
Biraz ısındıktan sonra saatlerce zevkle oynayacağınızdan eminim,0
Oyun beyin istiyo oda bende yok,0
Yeri doldurulamayacak bir oyun. Ne ararsanız var kesinlikle ölmeden önce oynayın,0
Çok hoş bir atmosferi var alıştıktan sonra gübam gübam,0
zor ama güzel oyun gebere gebere alıstım oyuna artık :),0
Grafikler çok iyi boyutuda fazla değil fakat oyun zor onu bunu öldüreyim havasına giriyorsunuzda öyle olmuyor,0
Takım arkadaşımı vurup sorry yazmak geçiyor tüm oyun ama güzel :D,0
OYNAYABİLECEĞİNİZ EN GÜZEL OYUN,0
Bir oyundan daha fazlası...,0
Ana menü müziği çok gaza getiriyo,0
OYUNU FREE OLARAK OYNAYAN BİRİ OLARAK HER OYUNUN BİR BEDELİ OLDUGU GİBİ BUNUNDA BEDELİ MAKUL DEGERDE INSURGENCY TARZI SAVAŞ OYUNLARI SEVIYORSANIZ KAÇIRMAYIN DERİM,0
Vuruş hissinin bu kadar iyi olması ve dungeon farm hissi çok hoş. Kesinlikle kaçırılmaması gereken bir oyun,0
Ohooooooo hala yorumlara bakıyorsun git al hadi bekliyom,0
50 tlye alınabilecek en iyi oyunlardan biri,0
ilk oyuna gore cok degisik bir sey yapmıslar. mantik ayni fare kes boss kes grim ve tome topla oyunu bitir. Fakat ilk oyuna göre en büyük gelismesi alt classlar ve skill sistemi bu yeni gelisme tamamiyle oyunu baska bir seviyeye cikariyor.Rpg tarzi seviyorsaniz alin türk toplulugu daha da artsin kesinlikle memnun olucaksiniz.,0
Sağlam grafiği vuruş hissiyatı ve stres atmak için güzel bir oyun ve uzun süre sıkmayacak türden bir oyun alırsanız pişman olmazsınız.,0
Özellikle kafadar arkadaşları ile beraber oyun oynamayı seven kişiler için çok güzel bir oyun olmuş. Ayrıca FRP oynamış ve Warhammer evrenin hakim arkadaşların bu oyunu kaçırmasın derim İyi eğlenceler,0
Ben pek beğenmedim ama yine de denenmesi gereken bir oyun,0
Refleks ve haritayı ezberleme gereksinimi olan dolayısıyla beyin gerektiren bir oyun. Bende yok,0
nerden baksan güzel oyun ha,0
Aç arkaya bir müzik başla oynamaya. Sırf müzik dinlerken oynamak için aldım oyunu :D Çok sarıyor CS yüzünden stres olmuşken gir kafa dağıt :D,0
Oyun çok iyi....,0
ulan çok güzel ya :D,0
Bana bu oyunu alan osmanı tebrik ediyor ve sikiyorum,1
Arkadaşlarınızla vakit geçirebileceğiniz zaman öldüren bir oyun 9/10,0
Kademeli zorluklar ve basit yapısıyla iyi vakit geçirmek için ideal. ben eğleniyorum,0
Oynayacak arkadaş çevreniz varsa alın yoksa önermiyorum 24 liraya değmez indirimdeyken 6 lira diye almıştım,0
4 arkadaş alın arada oynamak için uygun kafa dağıtmak için gerçekten keyif veriyor,0
Çok eğlenceli tavsiye ederim,0
Gayet güzel ve eğlenceli bir oyun hele ki arkadaşlarınızla oynarsanız,0
ÇOK ÇOK GÜZEL BİR OYUN OYUN TÜRKÇE OLMASI ÇOK ÇOK DAHA İYİ HERKESE TAVSİYE EDERİM...,0
Oynaması gerçekten zevkli bir platform oyunu. Arkadaşlarınızla beraber oynadığınızda eğleneceğinizden emin olabilirsiniz. Ancak uzun süre oynadıktan sonra sıkılabilirsiniz. Bu yüzden arada oynayabileceğiniz küçük oyun havasında bir şey olarak nitelendirebilirim.,0
Oyun kolu varsa klavyeyle oynamayın ama kesinlikle arkadaşlarınızla speedrunners partisi yapın! Ne kadar eğleneceğinizi anlatamam :),0
Maç esnasında en fazla 3 rakibiniz oluyor ve 4 kişi bir yarışa başlıyorsunuz amacınız rakiplerinizi geride bırakarak en hızlı olmak.Yarış temalı bu oyunda Türk ler fazla yok o yüzden maç bulma süreniz uzayacaktır çünkü oyun en yakınınızdaki oyuncularla eşleştiriyor sizleri.Oyundaki hızınızı nasıl arttırabiliceğinizi öğretecek rakibler karşınıza çıkartıyor onların nasıl oynadıklarını izleyerek kendinizi geliştiriyorsunuz ve oyunu sürekli oynayasınız geliyor bunun yanı sıra oynadığınız haritayıda bilmek çok önemli yoksa dikenleri yada lazerleri boylayabilirsiniz. ,0
Eğer bu oyunu alırsanız ki tavsiye ediyorum başınıza gelebilecek her türlü ibneliklere hazırsınız demektir :D,1
Gayet hoş bir oyun. Hikaye modu aman aman olmasa da arkadaşlar ile oynayınca bu eksikliği unutuyorsunuz. Lakin 24 lira vermeye değceğini sanmıyorum. İndirime girince kaçırmayın !,0
BİR OTURUŞTA 10 SAAT OYNADIM ÇOK ZEVKLİ GEÇTİ AMA ARTIK ESKİ ZEVKİ VERMİYOR AMA YİNEDE ARKADAŞLARLA OYNANCAK BİR OYUN,0
Arkadaşlar arasında oynanabilecek bence en eğlenceli keyifli oyun Hadi eyW.,0
[10/9] Arkadaşlarınızla sabaha kadar gayet güzel vakitler geçirebileceğiniz bir oyun. Normal fiyatını haketmeyebilir ama indirimdeyken alın derim,0
Eynadığım en eğlenceli oyunlardan birisi.,0
Son derece güzel ve özgür bir şekilde yarışmak isteyenler için efsane bir oyun çünkü haritalarda kendi yolunuzu çizebilirsiniz.Herkese iyi oyunlar!!,0
Eğlenceli abemm :D :D ,0
hele koşuyorsun işte lo,0
